-- MySQL dump 10.13  Distrib 8.0.12, for macos10.13 (x86_64)
--
-- Host: localhost    Database: project2
-- ------------------------------------------------------
-- Server version	8.0.12

/*!40101 SET @OLD_CHARACTER_SET_CLIENT=@@CHARACTER_SET_CLIENT */;
/*!40101 SET @OLD_CHARACTER_SET_RESULTS=@@CHARACTER_SET_RESULTS */;
/*!40101 SET @OLD_COLLATION_CONNECTION=@@COLLATION_CONNECTION */;
 SET NAMES utf8mb4 ;
/*!40103 SET @OLD_TIME_ZONE=@@TIME_ZONE */;
/*!40103 SET TIME_ZONE='+00:00' */;
/*!40014 SET @OLD_UNIQUE_CHECKS=@@UNIQUE_CHECKS, UNIQUE_CHECKS=0 */;
/*!40014 SET @OLD_FOREIGN_KEY_CHECKS=@@FOREIGN_KEY_CHECKS, FOREIGN_KEY_CHECKS=0 */;
/*!40101 SET @OLD_SQL_MODE=@@SQL_MODE, SQL_MODE='NO_AUTO_VALUE_ON_ZERO' */;
/*!40111 SET @OLD_SQL_NOTES=@@SQL_NOTES, SQL_NOTES=0 */;

--
-- Table structure for table `article`
--

DROP TABLE IF EXISTS `article`;
/*!40101 SET @saved_cs_client     = @@character_set_client */;
 SET character_set_client = utf8mb4 ;
CREATE TABLE `article` (
  `id` int(11) NOT NULL AUTO_INCREMENT,
  `date` date NOT NULL,
  `modified` date DEFAULT NULL,
  `title` varchar(255) CHARACTER SET utf8mb4 COLLATE utf8mb4_unicode_ci NOT NULL,
  `content` text CHARACTER SET utf8mb4 COLLATE utf8mb4_unicode_ci NOT NULL,
  `picture` text CHARACTER SET utf8mb4 COLLATE utf8mb4_unicode_ci,
  `miniature` text COLLATE utf8mb4_unicode_ci NOT NULL,
  `user_id` int(11) DEFAULT NULL,
  `category_id` int(11) DEFAULT NULL,
  PRIMARY KEY (`id`),
  KEY `user_id` (`user_id`),
  KEY `category_id` (`category_id`),
  CONSTRAINT `article_ibfk_1` FOREIGN KEY (`user_id`) REFERENCES `user` (`id`) ON DELETE SET NULL ON UPDATE CASCADE,
  CONSTRAINT `article_ibfk_2` FOREIGN KEY (`category_id`) REFERENCES `category` (`id`)
) ENGINE=InnoDB AUTO_INCREMENT=30 DEFAULT CHARSET=utf8mb4 COLLATE=utf8mb4_unicode_ci;
/*!40101 SET character_set_client = @saved_cs_client */;

--
-- Dumping data for table `article`
--

LOCK TABLES `article` WRITE;
/*!40000 ALTER TABLE `article` DISABLE KEYS */;
INSERT INTO `article` VALUES (1,'2018-10-29',NULL,'La pédagogie de la Wild Code School','Cette méthode consiste à allier e-learning et formation en présentiel  :\r\n\r\nÊtre sur le campus permet de créer une communauté d’apprenants et renforce la mobilisation de chacun. C’est un point essentiel pour rester motivé et atteindre les objectifs de la formation!\r\nL’utilisation du numérique et de notre plateforme pédagogique Odyssey facilite la pratique : tout ce qui est appris peut être rapidement mis en application.\r\nLa pédagogie hybride démultiplie l’efficacité de la formation et permet aux formateurs d’adapter l’accompagnement en fonction des besoins de chacun.\r\n\r\nLes contenus sont mis à disposition des élèves qui en prennent connaissance avant le cours; c’est le principe de classe inversée. Le temps d’apprentissage avec le groupe est donc entièrement consacré à la mise en application de ce qui a été vu, et aux interactions entre les élèves et les formateurs.\r\n\r\nNos programmes de formation sont élaborés :\r\n\r\nà partir d’une veille régulière auprès des entreprises et d’experts reconnus sur les compétences en tension\r\nsur la base du framework européen des compétences numériques\r\nen cohérence avec les compétences visées par les titres RNCP associés (Répertoire national des certifications professionnelles)\r\n\r\n                    \r\n                    \r\n                    \r\n                    ','image-Developpeur-apprenti-phpnet.png','image-58390d37a10ec77346b7ad3ed6ac7a48.jpg',2,1),(2,'2018-11-06',NULL,'Inauguration de la Wild Code School à Marseille','Martine Vassal, présidente de la Métropole Aix Marseille Provence et présidente du conseil départemental des Bouches-du-Rhône a inauguré mardi 16 octobre 2018 la Wild Code School à Marseille (2e). L’école forme les élèves au codage en cinq mois. Elle a pour volonté d’accueillir tous types de profils pour leur apprendre le développement internet et d’application – demandeurs d’emploi, professionnels indépendants, salariés en reconversion etc. – mais aussi de favoriser la parité dans le domaine du numérique en France.\r\n\r\nLa Wide Code School, au sein du site marseillais Le « Patio » accueille 16 élèves pour sa première session dont 10 femmes issues du dispositif « Elles codent » et formées gratuitement. L’apprentissage proposé par l’école est reconnu Bac+2 par l’Etat et offre un taux d’insertion professionnelle supérieur à 85%. Wild Code School fait partie d’un réseau regroupant 13 écoles sur le territoire français et une à Bruxelles.\r\n\r\nLa Métropole Aix Marseille Provence place le numérique dans les six filières d’excellence de son Agenda économique et privilégie l’enseignement supérieur « pour mettre l’innovation au cœur de la croissance et pour former un capital humain en mesure de répondre aux besoins des entreprises », selon un communiqué de la Métropole. « Le numérique est un enjeu stratégique pour le territoire et cette priorité sera prochainement traduite par un Agenda commun au Département des Bouches-du-Rhône et à la Métropole Aix-Marseille-Provence ».\r\n                    \r\n                    \r\n                    ','image-wild.jpg','image-plongee-marseille-basilique-dad3ddb76c.jpg',2,2),(3,'2018-11-06',NULL,'Wild Code School, 3 millions d’euros pour étendre son réseau d’écoles dédiées aux métiers du numérique.','Le montant\r\nLa Wild Code School, l’école de formation aux métiers du numérique, annonce une levée de 3 millions d’euros réalisée auprès d’Alter Equity.\r\n\r\nFondée en 2014 par Anna Stépanoff, la société a réalisé un chiffre d’affaires de 1,9 millions d’euros lors de l’exercice clos au 31 janvier 2018, en croissance de 93% par rapport à l’année dernière.\r\n\r\nLe marché\r\nLa Wild Code School représente aujourd’hui un réseau de 14 écoles implantées en France et en Belgique. Elle dispense des formations de développeur web et mobile pour adultes. Elles sont certifiantes et les candidats peuvent y accéder sans prérequis de formation initiale. «La moyenne d’âge dans nos écoles est de 29 ans. Nous acceptons des élèves à partir de 18 ans et jusqu’à 50 ans et plus. Certains élèves n’ont pas le bac, d’autres sont titulaires d’un bac+5», peut-on lire sur le site Internet.\r\n\r\nIl s’agit d’une formation intensive de 5 mois qui sur le « blended learning » en associant e-learning et cours présentiels en petits groupes de 15 à 20 élèves.\r\n\r\nSelon la Wild Code School, 87% des élèves formés trouvent un débouché professionnel (emploi très majoritairement ou création d’entreprise) en lien avec leur formation de développeur dans l’année suivant la fin de la formation, alors que 62% d’entre eux sont demandeurs d’emploi au début de la formation et que 23% sont en poste mais souhaitent changer de profession.\r\n\r\nFace aux besoins de recrutement dans le secteur du numérique, plusieurs écoles se sont lancées sur ce créneau de puis quelques années. On peut par exemple citer Le Wagon ou encore Simplon.co. L’École 42 de Xavier Niel vient tout de suite en tête mais il s’agit d’une formation plus longue et avec un critère d’âge (18-30 ans) qui la différencie des établissements cités plus haut.\r\n\r\nLes objectifs\r\nAvec ce tour de table, la Wild Code School souhaite financer l’ouverture d’une vingtaine d’écoles supplémentaires en France et en Europe d’ici 4 à 5 ans. Elle prévoit également d’élargir son offre en proposant des formations aux nouveaux métiers du numérique comme data scientist ou encore product manager.\r\n\r\nWild Code School: les données clés\r\nFondatrice: Anna Stépanoff\r\nCréation: 2014\r\nActivité: école de formation aux métiers du numérique\r\nFinancement: 3 millions d’euros en septembre 2018\r\n                    ','image-developpeurs-web-annie-spratt-608001-unsplash-650x405.jpg','image-php-web-development.png',3,1),(4,'2018-11-06',NULL,'Réussite : Projet I/O, la start-up qui a inventé l’interphone dématérialisé','Orléans (Loiret) ne cesse de s’imposer comme une nouvelle place forte des start-up. Nouvel exemple avec Projet I/O, jeune pousse déjà invitée à présenter son travail au prestigieux salon CES de Las Vegas.\r\n« C’est un rendez-vous incontournable, un lieu d’échanges entre professionnels du secteur et une belle carte de visite », savoure John Devos, PDG de Projet I/O. La start-up orléanaise a reçu son carton d’invitation pour participer à la prochaine édition du Consumer electronics show (CES) de Las Vegas (Etats-Unis).\r\n\r\nL’événement représente le plus important salon mondial consacré à l’innovation dans l’électronique grand public. Un immense raout au cours duquel ont notamment été présentés à l’époque des objets tels que le magnétoscope, les lecteurs CD, DVD et Blu-ray, les tablettes tactiles ou la technologie Bluetooth.\r\n\r\nUn interphone dématérialisé\r\nEn janvier 2019, Projet I/O y présentera son interphone connecté baptisé Bonjour +. Le concept ? Les clients collent un code QR sur le panneau d’interphone en bas de chez eux et téléchargent l’application Bonjour +. En cas d’absence, les visiteurs — par exemple les livreurs — lisent avec leur mobile le code QR, ce qui déclenche une mise en relation par Internet avec le résidant. Celui-ci reçoit par l’intermédiaire de son application un message texte ou un appel téléphonique (vocal ou vidéo). Prix prévu : aux alentours de 15 € l’autocollant code QR.\r\n\r\n« Nous espérons lancer la commercialisation dans la foulée du CES », annonce John Devos, qui ne manque pas d’idées. La prochaine ? « Un miroir interactif, qui pourrait notamment permettre de révolutionner les cabines d’essayage des magasins en testant virtuellement différents coloris d’un vêtement et des accessoires complémentaires », s’enthousiasme le patron.\r\n\r\nDes recrutements à venir\r\nAncien cadre commercial, John Devos s’est reconverti dans le numérique et a eu l’idée de Projet I/O lors d’un « start-up week-end » à Bourges en 2016, une réunion entre potentiels créateurs d’entreprises innovantes. « Nous y avons constitué une équipe de quatre profils différents et complémentaires : Baptiste Meftahi, Mélissa Araoune, Quentin Chevalier et moi-même, raconte-t-il. Le temps de réaliser un travail de réseautage, nous avons officiellement fondé la société en avril dernier. »\r\n\r\nElle emploie déjà trois développeurs. Ils seront rejoints en décembre par trois autres jeunes actuellement stagiaires, issus de la Wild code school d’Orléans (Loiret), qui dispense des formations au métier en cinq mois. « Les perspectives de développement de l’entreprise sont grandes, supérieures même à celles attendues », se réjouit John Devos. Projet I/O travaille également sur du consulting et de la digitalisation de processus pour des clients professionnels qui ont besoin de logiciels entreprises ou d’applications métiers.\r\n\r\n« Ce sont des projets secondaires, précise le PDG, mais ils nous permettent de financer le cœur de notre activité : la conception de produits tels que l’interphone connecté ou le miroir interactif. » Finalement, il n’y a pas si loin entre Orléans et Las Vegas !\r\n                    \r\n                    ','image-7914018_cb363504-c25e-11e8-9350-fe99bc3b193d-1_1000x625.jpg','image-Téléphone-sans-fil-Wifi-Interphone-Caméra-Porte-Bell.jpg',1,4),(5,'2018-11-06',NULL,'Anna Stépanoff, fondatrice de la Wild Code School : « On peut se former au code à tout âge et même en étant enceinte »','Jusqu\'ici, l\'éducation aura fait partie de toute sa vie. A 35 ans, Anna Stépanoff a connu trois modèles éducatifs différents, comme étudiante et enseignante, et a créé son propre modèle avec son associé : Romain Cœur. La Wild Code School a pour vocation de former au code en accéléré. Pendant cinq mois, les étudiants reçoivent une formation intensive en développement d’application et d’interface ainsi qu’en algorithmie. Le modèle d’enseignement est « hybride » en ce qu’il mêle les outils numériques et la formation en présentiel. « Nous allons donner aux étudiants des exercices à faire en amont sur notre plateforme pédagogique : lire de la documentation, regarder des vidéos, faire quelques exercices etc. » complète la fondatrice de l’école. « Et ils arrivent en cours avec une base et des bonnes questions. Ca change tout au niveau de la motivation et l\'implication de l\'élève. »\r\n\r\nLes locaux du campus parisien, où nous retrouvons cette trentenaire d’origine biélorusse, sont très bruts : il s\'agit d\'un ancien garage automobile du 5e arrondissement. Au deuxième étage, en poussant la porte, on tombe directement sur les apprentis développeurs en train de coder. A droite de l’entrée, des monticules de paires de chaussures. Interdit de garder ses souliers quand on vient sur un campus de la Wild Code School. Même Mounir Mahjoubi, secrétaire d’Etat au numérique, n\'y a pas coupé lors de sa visite. Et c’est donc en chaussettes que nous accueille Anna Stépanoff. « Nous tenons à ce que les gens se sentent comme chez eux à l’école, détendus et à l’aise. On n’a pas besoin de talons pour coder » lance-t-elle.\r\n\r\nAnna Stépanoff est donc originaire de Biélorussie, d’une famille d’ingénieurs en physique. Bien que baignant dans un monde plutôt scientifique, elle se tourne vers les relations économiques internationales dans ces premières études universitaires. A 19 ans, elle quitte son pays pour les Etats-Unis où elle intègre Harvard pendant trois ans. En 2004, elle rentre à l’ENS via la sélection internationale et poursuit ses études en histoire de l\'art. Elle commence une thèse et enseigne l’histoire de l’art du XIXe siècle en licence 1 à Tolbiac (Paris I). Parallèlement, elle lance avec Normale sup un projet de programme estival pour les étudiants étrangers qui veulent apprendre le français et découvrir la culture française. « C\'est important parce que c\'était une expérience d’une forme d\'innovation un peu dans le domaine éducatif et c’est en faisant ça j\'ai compris que ce qui me tenait à cœur c\'était d’innover dans l\'éducation » se souvient la trentenaire.\r\n\r\n« En France ce que j\'ai constaté, notamment dans le domaine universitaire, c\'est que le socle de compétences était défini davantage par rapport aux connaissances du sujet que les compétences pratiques donc difficilement transférable. Ca c\'était un problème. » Anna Stépanoff laisse alors tomber sa thèse et son poste d’enseignante et part dans le conseil. Elle intègre le cabinet McKinsey et y reste trois ans. « Ca m\'a permis à la fois de découvrir les problématiques des entreprises et c\'est là où j\'ai été confrontée aux enjeux de la transformation numérique et du numérique en général. » Elle se rend compte que le fossé entre l’éducation et le monde professionnel était plus important qu’elle ne le pensait.\r\n\r\n14 campus dans toute la France\r\n« Ca m\'a redonné envie de revenir dans l\'éducation mais pas dans la structure classique. Plutôt en innovant et en créant une start-up éducative. » Anna Stépanoff quitte donc le cabinet de conseil en 2013 pour créer sa propre société. Elle mûrie le concept de son école du code pendant en un an, notamment en s’associant avec Romain Cœur, développeur de profession. C’est lui qui lui a expliqué que le milieu des développeurs est en pénurie de talents.\r\n\r\nLa première promotion entame ses cours en septembre 2014 à La Loupe en Eure-et-Loire. En quatre ans, l’école a ouvert en tout 14 campus dans toute la France. Les quatre derniers ont été annoncés durant le mois dernier et accueilleront leurs premiers étudiants en septembre prochain. A raison de deux promotions d’une trentaine d’élèves par an dans chacune des écoles, la Wild Code School forme aujourd’hui plus de 500 développeurs par an. L’objectif est d’atteindre le millier annuel.\r\n\r\nDeux ou trois fois plus d’offres d’emplois que les hommes\r\nCe métier est-il donc en manque de femmes ? Atrocement selon la directrice de l’école. Les entreprises recherchent des femmes développeurs. « Je suis convaincue que les femmes ont aujourd\'hui plus d\'opportunités que les hommes. Les femmes qui sortent de la formation ont deux ou trois fois plus d\'offres d\'emploi et peuvent mieux négocier. Je pense que c\'est l\'un des rares domaines où nous avons ce pouvoir. »\r\n\r\nMais le taux de femmes moyen sur tous les campus de l’école de code reste fixé autour de 25% aujourd’hui. « Par contre ce qu\'on constate c\'est que dans les grandes villes le taux de féminisation est plus important que dans les petites villes » ajoute Anna Stépanoff. Pour maintenir ce taux et tenter de le faire progresser, l’école met en place quelques actions.\r\n\r\nCommunication et recrutements réservés\r\n\r\nSur le blog de l’école, on trouve des portraits d’anciens étudiants « dont beaucoup de femmes que l’on met en avant », précise Anna Stépanoff. Le dernier en date, diffusé à l’occasion de la journée de la femme, présente Anahita Vahdani, mère d’un enfant de 9 mois, entrée cette année sur le campus de Reims. « Parfois, des femmes décrochent complètement de leur carrière professionnelle pour des raisons familiales, pour avoir des enfants, etc. » précise la fondatrice de l’école. « Les congés parentaux peuvent aller jusqu\'à trois ans et après c’est quasiment impossible pour elles de revenir sur le marché du travail. Or ce métier là peut justement aussi permettre ce retour à l\'emploi. On peut même faire une formation en étant enceinte ou quand on a un bébé en bas âge. »\r\n\r\nAnna Stépanoff s’est aussi impliquée dans la Journée de la femme digitale en faisant une conférence l’année dernière. Et Delphine Remy-Boutang, fondatrice de l’événement, a accepté d’être la marraine de « Elles codent », un dispositif de recrutement spécifique lancé cette année par la Wild Code School. En septembre 2017 et février 2018, une promotion exclusivement de femmes est venue s’ajouter au processus de recrutement habituel sur le campus parisien. « C’était un recrutement particulier, on a eu un soutien de la Mairie de Paris, financier notamment, pour recruter des femmes demandeuses d\'emploi uniquement et pour les former à ce métier » développe Anna Stépanoff. Résultat : un taux de féminisation de 70% pour la promotion de septembre 2017 qui comptait 30 étudiants. « J\'espère qu’on n’aura pas à réitérer ce dispositif parce que, pour nous, l\'idéal c\'est que ce soit une mesure exceptionnelle pour donner envie. Mais derrière j\'espère juste qu\'elles viendront d\'elles-même, pas juste parce qu’il y a une promo de femmes. »\r\n\r\nLà où la directrice de l’école assume qu’il y a des progrès à faire c’est dans l’équipe de formateurs. Le staff dans son ensemble est paritaire mais les femmes occupent toutes des postes de manager. Ce n’est pas volontaire de leur part de ne pas avoir de femmes formatrices mais ils n’en trouvent pas. « Depuis notre lancement, nous en avions juste trouvé une (qui avait intégré la première promotion, NDLR) mais qui est partie très vite parce qu’elle était sollicitée tous les jours par des entreprises. » Anna Stépanoff compte beaucoup sur ces anciennes étudiantes pour revenir un jour enseigner à l’école mais indique que c’est encore un peu tôt car trois ans d’expérience professionnelle sont demandés pour enseigner. Mais l’équipe est fortement prompte à recruter des femmes formatrice.\r\n\r\n« Ma fille je préfère qu\'elle fasse des cours de danse »\r\nS’il y a de nombreux facteurs qui font que les femmes ont peu envie d’investir le secteur informatique, notamment les métiers techniques, Anna Stépanoff estime que les représentations parentales jouent un rôle important dans le parcours de leurs enfants. « Nous avons organisé des ateliers de code dans des écoles primaires. Et puis j\'ai parlé un peu avec certains parents et j\'ai eu plusieurs mamans qui me disaient : “Mon fils c’est très bien qu\'ils puissent apprendre à se servir des ordinateurs, mais ma fille je préfère qu\'elle fasse des cours de danse”. Et donc ça commence là. »\r\n\r\nC’est pourquoi la directrice estime que qu’il est plus efficace d’amener les femmes vers les métiers du développement entre 25 et 35 ans, une fois leur parcours initial terminé. Les stéréotypes restent très présents à l’école et au lycée selon Anna Stépanoff et « on n’est pas prêts à changer. [...] Par contre, quand elles ont fait le parcours initial dont elles avaient envie, des études littéraires comme moi ou autre chose, elles commencent à se dire “bon maintenant qu\'est ce que je fais vraiment dans la vie pour construire une carrière professionnelle”. Parce que les opportunités, dans ces domaines artistiques, littéraires, sciences humaines, sont beaucoup plus limitées. »\r\n                    \r\n                    ','image-stepanoff-gif1.jpg','image-640aO7nu_400x400.jpg',2,2),(6,'2018-11-06',NULL,'Il manque près de 30 000 codeurs en France !','\" Ici, à la Wild Code School de la Loupe, on forme les codeurs de demain dans un esprit start-up nation. Rencontre avec Maxime Cornuau, le campus manager. \"\r\n\r\nLa Wild Code School est une école atypique, fondée en 2014, à La Loupe, en pleine campagne d’Eure-et-Loir, par Anna Stépanoff et Romain Cœur.\r\n\r\n« L’objectif est simple ! Former au métier de codeur en 5 mois, à raison de 35 heures minimum par semaine », explique Maxime Cornuau, le campus manager.\r\n\r\n« Car aujourd’hui, il y a une réelle pénurie dans ce domaine. Il manque à peu près de 30 000 codeurs en France. »\r\n\r\n« Pas besoin d’être un geek ! »\r\nUn paradoxe quand on sait que notre société se numérise de plus en plus, dans le privé comme dans le public. La dématérialisation gagne du terrain (N.D.L.R. : Payer ses impôts en ligne, etc.).\r\n\r\nMais des beaux discours à la réalité, il y a parfois un gouffre qu’il faut essayer de combler. « Il faut des codeurs pour pouvoir créer ces sites mais aussi entretenir ceux qui ont été créés auparavant ! Il va donc falloir des ressources humaines pour gérer et créer tous ces outils. »\r\n\r\nMoyenne d’âge 30 ans\r\nQuant aux profils que l’on peut croiser dans cette école 2.0, ils sont très éclectiques.\r\n\r\n« La moyenne d’âge est de 30 ans. Ce sont principalement des hommes. On aimerait avoir plus de femmes. Nombre d’entre eux sont en reconversion. Ils étaient boulangers, peintres, aides-soignants, fonctionnaires, etc. Certains n’avaient jamais vu une ligne de codes. Ils ont décidé de prendre un nouveau chemin ! Pour nous rejoindre, pas besoin d’être un geek ou un génie des maths ! », rassure Maxime.\r\n\r\n« Il faut être passionné quand même par l’informatique. Ce que l’on juge, ici, c’est la motivation des candidats. Sur notre site de candidature, on a un exercice qui demande à peu près 30 heures de travail. On donne les ressources qui vont avec. On juge ensuite la façon de travailler plus que le résultat. »\r\n\r\n« 87 % des élèves trouvent un job »\r\nAu bout de 5 mois de formation intensive à La Loupe, les élèves obtiennent un diplôme équivalent à un bac +2.\r\n\r\n« 87 % de nos élèves trouvent un job à la sortie de leur formation avec des salaires débutant autour de 2 200 € brut à 3 000 € brut ! », souligne Maxime.\r\n\r\n« Certes nos élèves ne travaillent pas dans le Perche mais plus dans des grandes villes. Mais les choses bougent puisque pas mal de start-ups émergent dans la Sarthe et les environs. »\r\n\r\n                    ','image-25619-181004105846525-0-854x566.jpg','image-25619-181004105846525-0-854x566.jpg',2,3),(7,'2018-11-06',NULL,'Icons8 Web App 2.0 : plus de 85 000 icons et des possibilités de customisation pour vos projets','Début août, je vous parlais de Tilda Icons, ce site web qui mettait à disposition plus d’une quarantaine de packs icons pour irriguer vos projets de site web, landing page ou présentation. Icons8 est une plateforme qui va beaucoup plus loin dans la réflexion autour des usages et besoins actuels.\r\n\r\nAu-delà d’un pool d’icons impressionnants (plus de 85 000), Icons8 est surtout intéressant dans son approche plus que sur la profondeur de son catalogue. Barre de recherche, catégorisation fine, les professionnels à la recherche d’éléments précis y trouveront forcément leur bonheur.\r\n\r\nSi je prends la catégorie Social Media par exemple, les différents modes d’affichage me permettent d’inspecter le pool d’icons selon mon besoin. Autrement dit, soit je cherche un icons simple et l’affichage classique me convient, soit je cherche plusieurs icons de différents réseaux sociaux en souhaitant conserver une cohérence et uniformité entres-eux, et l’affichage sous forme de table est plus pertinent.\r\nPour filer l’exemple de la catégorie Social Media, je pourrais avoir besoin à partir de ce template, de customiser mes icons pour que ces derniers s’insèrent parfaitement avec le design de mon site, de ma présentation ou d’une landing page quelconque.\r\n\r\nEncore une fois, l’outil me permet de modifier directement l’icon, à l’exemple de sa couleur, de sa forme, de son padding, d’ajouter des éléments, etc.\r\n\r\nToutes ces actions sont réalisables sur un set d’icons que l’on ajoute à notre collection, pour en modifier le design “en bulk” simultanément. Il suffit de sélectionner les icons à ajouter à la collection et de commencer leur édition.\r\n\r\nLa v2 d’Icons8 en beta est gratuite et on ne peut que vous la recommander en cas de besoin pour un projet, sauf si arpenter le web à la recherche du pack icons idéal est un de vos péchés mignons.\r\n                    ','image-freebie-07.png','image-Icons8-icons-éditables-gratuitement.jpg',3,4),(8,'2018-11-06',NULL,'Qui doit vivre ou mourir ? Quand les intelligences artificielles ne nous sauveront plus mais décideront de notre mort','Depuis qu’elles existent, les intelligences artificielles sont programmées pour nous fournir un service. Déchiffrer un code secret, répondre à nos questions, détourer parfaitement une image, lire des radiographies, réserver un restaurant à notre place … Les possibilités sont énormes et bientôt nous confierons beaucoup de tâches à des programmes informatiques intelligents. Cependant, serons-nous prêts à leur confier notre vie ?\r\n\r\nJusqu’à récemment, cette question était à l’étude au sein du prestigieux Massachusetts Institute of Technology (MIT). Deux millions de personnes à travers le monde ont participé à définir des schémas éthiques pour les voitures autonomes. Dans des situations extrêmes où un impact mortel aura inévitablement lieu, qui doit mourir ? Est-ce la vieille dame qui traverse la route, ou bien la personne en fauteuil roulant ? Est-ce que ce sont les deux enfants ou le mari et sa femme ? Ces questions rentrent dans ce qu’on appelle le dilemme du tramway, inventé en 1967 par la philosophe Philippa Foot. Il s’agit de prendre une décision qui bénéficie obligatoirement à un groupe, et pénalise l’autre. C’est alors la constitution de ces groupes qui définissent le résultat.\r\n\r\nCe qui est intéressant dans l’étude dirigée par le MIT ce sont les résultats qui ne sont pas homogènes par pays, ou régions. D’abord, les réponses se divisent en trois grands groupes moraux. C’est-à-dire que les réponses sauveraient majoritairement une femme au détriment d’un chien. Un enfant et non une vieille dame. Un groupe de personnes plutôt qu’une personne seule. Ensuite, tout se corse en fonction des cultures. Par exemple, les pays d’Asie attribuent autant de crédits à la vie d’une personne âgée qu’à celle d’un enfant. Également, nous, français, aurions tendance à sauver les femmes plutôt que les hommes. Enfin, dans certaines régions où les inégalités sont importantes, les participants ont statistiquement préféré sauver une personne ayant un niveau de vie élevé plutôt qu’un SDF.\r\n\r\nGrâce à ce projet international, les chercheurs ont posé les bases des décisions que pourraient attendre les humains des systèmes de conduite autonome. Cependant, il faudrait que les décisions soient universelles pour que cela ait un sens. Imaginons qu’en Chine, pays des extrêmes lorsqu’on parle du traitement des données, les systèmes soient nourris par des données nationales. Le biais serait énorme comparé à un système universel. On parle souvent de biais sexiste ou raciste, mais ici, il impliquerait une décision immédiate de vie ou de mort. Également, les voitures autonomes étant équipées de multiples caméras, on pourrait très bien les relier au système de reconnaissance faciale chinois, et logiquement à la note sociale des citoyens. De cette manière, on n’opposerait plus un enfant à un handicapé, mais deux notes. Dans ce cas, quelle approche serait la plus juste ?\r\n\r\nNous arrivons peu à peu face à un dilemme international sur ce qui est moral, juste, logique, pragmatique. Un accident mortel de voiture peut impliquer de nombreux facteurs injustes, de se trouver au mauvais endroit au mauvais moment, de la faute à pas de chance, ou, souvent, de l’erreur d’un conducteur. Dès lors que nous nous en remettrons aux machines pour nous guider, nous emmener d’un point A à un point B, le facteur hasard sur la route n’existera sûrement plus, sauf cas d’impact imprévu. Comment expliquer alors à une mère qu’une voiture a pris la décision de rentrer dans son enfant plutôt que dans un groupe de personnes âgées ? Comment lui expliquer aussi que si ce même accident avait eu lieu dans un autre pays, son enfant serait toujours en vie ?\r\n\r\nCes décisions vont inévitablement avoir lieu dans quelques années à moins qu’une innovation ne vienne tout chambouler. Si beaucoup ont déjà peur de l’intelligence artificielle et notre dépendance à cette technologie, quelle sera leur réaction lorsqu’il s’agira de sélection logicielle et plus de sélection naturelle ? On pense souvent à l’impact que peut avoir la science dans le hasard de la création de la vie en passant par une sélection ou une modification des embryons. On ne pense pas assez au hasard de la mort.\r\n\r\nJ’ai peur que l’on défende un droit à la sélection de la vie, mais pas celle de la mort. Alors qu’il faudrait tuer la mort, et laisser le hasard de la vie agir comme il l’a toujours fait. J’ai également peur que l’on s’insurge de la morale d’une décision prise par une intelligence artificielle. La manipulation des émotions étant si facile avec les réseaux sociaux, bien des personnes manquant d’information sur le sujet pourraient s’engouffrer dans une dissidence dangereuse. D’une manière générale, beaucoup saluent l’arrivée des IA et beaucoup la craignent. La peur n’évite pas le danger, mais elle va inévitablement créer des débats bien plus profonds que sa simple utilité en remplacement d’un métier sans qualification.\r\n\r\nAlors, qui doit vivre ou mourir ?\r\n                    ','image-ia.jpg','image-mathew-schwartz-718956-unsplash-770x515.jpg',3,4),(9,'2018-11-06',NULL,'reCAPTCHA v3 : Google ne vous demandera plus de prouver que vous êtes humain','Google a mis à jour son outil de vérification reCAPTCHA, qui permettait aux propriétaires de sites web de filtrer les interactions de robots. Désormais, vous n’aurez plus à prouver que vous êtes bien humain.\r\n\r\nEn effet, ce changement permettra aux utilisateurs de se connecter plus facilement sur les sites internet sans perdre de temps à prouver qu’ils sont bel et bien humains. À l’origine, reCAPTCHA avait été conçu pour déterminer si leur trafic était généré par des visiteurs humains ou des robots générant des spams ou d’autres formes d’abus. Toutefois, Google a déclaré que « la vérification ponctuelle ne correspondait pas à chaque cas d’utilisation ». Dans cette troisième version, reCAPTCHA v3 génère désormais un score qui permet aux propriétaires de sites web de déterminer si leur trafic provient de robots ou d’utilisateurs lambda.\r\n\r\nGoogle a également déclaré « reCAPTCHA v3 renvoie un score pour chaque demande sans frictions de l’utilisateur » et « le score est basé sur les interactions et vous permet de prendre les mesures appropriées pour votre site ». Pour reCAPTCHA, une bonne interaction, et donc humaine, donne un score de 0,0 à 1,0. Une interaction de bots penchera plus vers un score de 0,0. Par la suite, en cas de doute, les propriétaires de sites web peuvent générer des scripts pour exiger une authentification.\r\n\r\nDans une vidéo YouTube illustrant le fonctionnement de reCAPTCHA v3, Google indique que la vérification peut être ajoutée à différentes parties d’un site web, et notamment lorsqu’il est appliqué aux pages appliqués aux critiques de produit sur les sites de ventes en ligne. Google souhaite contribuer à maintenir l’intégrité d’un site internet, c’est pour cela que reCAPTCHA sera alors en mesure d’identifier et de filtrer les fausses critiques postées par des bots.\r\n\r\nCette nouvelle mise à jour est une délivrance pour les internautes, qui n’auront plus à prouver qu’ils sont bien humains en tapant des codes de vérifications difficiles à lire ou à résoudre des énigmes. Notons aussi qu’il est possible de passer outre cette vérification, en effet, un chercheur a réussi à brisé le reCAPTCHA en utilisant une IA créée par le moteur de recherche lui-même.\r\n                    ','image-1*9BT5gIcU-vdPtWQjbM5ROg.jpeg','image-dVHQiE0t_400x400.png',3,4),(10,'2018-11-06',NULL,'Stockage de données en poudre : l’invention qui va remplacer les clés USB','Le stockage de données en poudre, voilà une idée qui pourrait sembler totalement surréaliste. Et pourtant, les chercheurs de l’Université de Gand, Belgique, sont parvenus à développer cette technologie. Une innovation qui pourrait bien remplacer les clés USB et les disques durs dans un futur pas si lointain…\r\n\r\nDans la nature, le stockage de données est omniprésent. Les informations génétiques sont stockées dans l’ADN des humains, des animaux ou même des plantes. C’est en s’inspirant de ce phénomène naturel que les chercheurs en chimie, biochimie et informatique de l’Université de Gand, Belgique, ont élaboré une nouvelle technique de stockage de données révolutionnaire.\r\n\r\nGrâce à leur invention, il est possible de stocker une information légère telle qu’un code QR ou un texte court sous forme de poudre. Les données peuvent ensuite être déchiffrées par le biais d’une méthode d’analyse biochimique grâce à un programme informatique développé par les chercheurs.\r\n\r\nUn second programme permet d’automatiser le processus de traduction du code QR aux molécules, et vice versa. Les molécules peuvent ainsi faire office de lien vers un site web, un plan de ville, ou encore une application.\r\n\r\nStockage de données en poudre : une alternative écologique aux supports de stockage en métal\r\n\r\nPour le moment, cette technique permet uniquement de stocker d’infimes quantités de données. Cependant, à terme, les chercheurs envisagent de parvenir à stocker la même quantité de données qu’une clé USB grâce à cette méthode.\r\n\r\nS’ils y parviennent, cette invention pourrait bien révolutionner le stockage de données. La poudre pourrait devenir une alternative viable aux clés USB, disques durs et autres supports de stockage. Or, cette technologie serait plus respectueuse de l’environnement.\r\n\r\nEn effet, contrairement aux supports de stockage traditionnels, la poudre ne nécessite par l’utilisation massive de métaux lourds. De plus, elle ne requiert pas l’utilisation de serveurs énergivores pour assurer la sécurité des données. Pour plus d’informations sur cette innovation, consultez l’étude complète publiée dans la revue Nature Communications.\r\n                    \r\n                    ','image-supra2web.jpg','image-Farine-t65-Blanche-campagne-00000-00000-big.png',1,4),(11,'2018-11-06',NULL,'Python : tout savoir sur le principal langage Big Data et Machine Learning','Python est le langage de programmation le plus utilisé dans le domaine du Machine Learning, du Big Data et de la Data Science. Découvrez tout ce que vous savoir à son sujet : définition, avantages, cas d’usage…\r\n\r\nCréé en 1991, le langage de programmation Python apparu à l’époque comme une façon d’automatiser les éléments les plus ennuyeux de l’écriture de scripts ou de réaliser rapidement des prototypes d’applications.\r\n\r\nDepuis quelques années, toutefois, ce langage de programmation s’est hissé parmi les plus utilisés dans le domaine du développement de logiciels, de gestion d’infrastructure et d’analyse de données. Il s’agit d’un élément moteur de l’explosion du Big Data.\r\n\r\nPython est un langage de programmation open source créé par le programmeur Guido van Rossum en 1991. Il tire son nom de l’émission Monty Python’s Flying Circus.\r\n\r\nIl s’agit d’un langage interprété, qui ne nécessite donc pas d’être compilé pour fonctionner. Un programme ” interpréteur ” permet d’exécuter le code Python sur n’importe quel ordinateur. Ceci permet de voir rapidement les résultats d’un changement dans le code. En revanche, ceci rend ce langage plus lent qu’un langage compilé comme le C.\r\n\r\nEn tant que langage de programmation de haut niveau, Python permet aux programmeurs de se focaliser sur ce qu’ils font plutôt que sur la façon dont ils le font. Ainsi, écrire des progammes prend moins de temps que dans un autre langage. Il s’agit d’un langage idéal pour les débutants.\r\n\r\nLangage Python : quels sont les principaux avantages ?\r\n\r\nLe langage Python doit sa popularité à plusieurs avantages qui profitent aussi bien aux débutants qu’aux experts. Tout d’abord, il est facile à apprendre et à utiliser. Ses caractéristiques sont peu nombreuses, ce qui permet de créer des programmes rapidement et avec peu d’efforts. De plus, sa syntaxe est conçue pour être lisible et directe.\r\n\r\nUn autre avantage du Python est sa popularité. Ce langage fonctionne sur tous les principaux systèmes d’exploitation et plateformes informatiques. De plus, même s’il ne s’agit clairement pas du langage le plus rapide, il compense sa lenteur par sa versatilité.\r\n\r\nEnfin, même s’il est principalement utilisé pour le scripting et l’automatisation, ce langage est aussi utilisé pour créer des logiciels de qualité professionnelle. Qu’il s’agisse d’applications ou de services Web, le Python est utilisé par un grand nombre de développeurs pour créer des logiciels.\r\n\r\nPython 2 vs Pyton 3 : quelles sont les différences ?\r\nOn distingue deux versions de Python : Python 2 et Python 3. Les différences entre ces deux versions sont multiples. Python 2.x est l’ancienne version, qui continuera d’être supportée et donc de recevoir des mises à jour officielles jusqu’en 2020. Après cette date, elle continuera d’ailleurs sans doute de subsister de façon non officielle.\r\n\r\nPython 3.x est la version actuelle du langage. Elle apporte de nombreuses fonctionnalités nouvelles et très utiles, telles qu’un meilleur contrôle de concurrence et un intérpréteur plus efficace. Cependant, l’adoption de Python 3 a été longtemps ralentie par le manque de bibliothèques tierces prises en charge. Un grand nombre d’entre elles n’étaient compatibles qu’avec Python 2, ce qui rendait la transition compliquée. Cepedant, ce problème est aujourd’hui pratiquement résolu et il reste peu de raisons valables de continuer à utiliser Python 2.\r\n\r\nLe langage Python pour le Big Data et le Machine Learning\r\n\r\nLe principal cas d’usage du Python est le scripting et l’automatisation. En effet, ce langage permet d’automatiser les interactions avec les navigateurs web ou les GUI d’applications.\r\n\r\nCependant, le scripting et l’automatisation sont loin d’être les seules utilités de ce langage. Il est aussi utilisé pour la programmation d’applications, pour la création de services web ou de REST API, ou encore pour la métaprogrammation et pour la génération de code.\r\n\r\nPar ailleurs, ce langage est aussi utilisé dans le domaine de la science des données et du Machine Learning. Avec l’essor de l’analyse de données dans toutes les industries, c’est d’ailleurs devenu l’un de ses principaux cas d’usage.\r\n\r\nLa grande majorité des bibliothèques utilisées pour la science des données ou le Machine Learning ont des interfaces Python. Ainsi, ce langage est devenu l’interface de commande de haut niveau la plus populaire pour les bibliothèques de Machine Learning et autres algorithmes numériques. De nombreux ouvrages d’initiation sont disponibles sur le Web.\r\n\r\nEnfin, les entreprises spécialisées dans la robotique comme Aldebaran se servent de ce langage pour programmer leurs robots. L’entreprise rachetée par Softbank a choisi ce langage de programmation afin de faciliter la conception d’applications par des entreprises tierces et des amateurs.\r\n\r\nPython et Big Data : top des meilleures bibliothèques et packages\r\n\r\nSi le Python s’est érigé comme le meilleur langage de programmation pour le Big Data, c’est grâce à ses différents packages et bibliothèques de science des données. Voici les plus populaires.\r\n\r\nPandas\r\n\r\nPandas est l’une des bibliothèqes de science des donnée les plus populaires. Elle a été développée par des Data Scientists habitués au R et au Python, et est aujourd’hui utilisée par un grand nombre de scientifiques et d’analystes.\r\n\r\nElle offre de nombreuses fonctionnalités natives très utiles. Il est notamment possible de lire des données en provenance de nombreuses sources, de créer de larges dataframes à partir de ces sources, et d’effectuer des analyses agrégées basées sur les questions auxquelles on souhaite obtenir des réponses.\r\n\r\nDes fonctionnalités de visualisation permettent également de générer des graphiques à partir des résultats des analyses, ou de les exporter au format Excel. On peut aussi s’en servir pour la manipulation de tableaux numériques et de séries temporelles.\r\n\r\nAgate\r\n\r\nPlus récente que Pandas, Agate est également une bibliothèque Python conçue pour résoudre des problèmes d’analyse de données. Elle propose notamment des fonctionnalités d’analyse et de comparaison de tableaux Excel, ou encore d’effectuer des calculs statistiques sur une base de données.\r\n\r\nDans l’ensemble, il est plus facile d’apprendre à maîtriser Agate que Pandas. De pluus, ses fonctionnalités de visualisation de données permettent de visualiser facilement et rapidement les résultats des analyses.\r\n\r\nBokeh\r\n\r\nBokeh est un outil idéal pour créer des visualisation d’ensembles de données. Il est possible de l’utiliser conjointement avec Agate, Pandas et avec d’autres bibliothèques d’analyse de données.\r\n\r\nIl est aussi possible de l’utiliser avec le Pyton pur. Cet outil permet de créer d’excellents graphiques et visualisations sans avoir besoin de coder outre mesure.\r\n\r\nNumPy\r\n\r\nNumPy est un package utilisé pour les calculs scientifiques en Python. Il est idéal pour les opérations liées à l’algèbre linéaire, aux transformations de Fourier, ou au crunching de nombres aléatoires.\r\n\r\nIl peut être utilisé en guise de container multi-dimensionnel de données génériques. De plus, il s’intège facilement avec de nombreuses bases de données différentes.\r\n\r\nScipy\r\n\r\nScipy est une bibliothèque pour les calculs techniques et scientifiques. Elle regroupe des modules pour les tâches de science des données et d’ingénierie telles que l’algèbre, l’interpolation, le FFT, ou le traitement de signaux et d’images.\r\n\r\nScikit-learn\r\n\r\nScikit-learn est très utile pour les algorithmes de classification, de régression ou de clustering tels que les forêts d’arbres décisionnels, le gradient boosting, ou encore les k-moyennes.\r\n\r\nCette bibliothèque de Machine Learning pour Python se révèle complémentaire pour les autres bibliothèques telles que NumPy et SciPy.\r\n\r\nPyBrain\r\n\r\nPyBrain est en réalité l’acronyme de Python-Based Reinforcement Learning, Artificial Intelligence, and Neural Network Library. Comme son nom le suggère, il s’agit donc d’une bibliothèque offrant des algorithmes simples mais puissants pour les tâches de Machine Learning.\r\n\r\nOn peut aussi l’utiliser pour tester et comparer des algorithmes en utilisant une variété d’environnements prédéfinis.\r\n\r\nTensorFlow\r\n\r\nDéveloppé par Google Brain, TensorFlow est une bibliothèque de Machine Learning. Ses graphiques de data flow et son architecture flexible permettent d’effectuer des opérations et des calculs de données à l’aide d’une API unique sur de multiples CPU ou GPU depuis un PC, un serveur ou même un appareil mobile.\r\n\r\nParmi les autres bibliothèques Python, on peut aussi citer Cython qui permet de convertir du code pour l’exécuter dans un environnement C afin de réduire le runtime. De même, PyMySQL permet de connecter une base de données MySQL, d’extraire des données et d’exécuter des requêtes. BeautifulSoup permet de lire des données XML et HTML. Enfin, le notebook iPython permet la programmation interactive.\r\n\r\n\r\n                    ','image-windows-python9.png','image-python-big-data-machine-learning-768x432.jpg',1,4),(12,'2018-11-06',NULL,'L’importance du crowdtesting pour la phase de test d’un projet web','Lorsqu’on teste un projet, on a tendance à le faire en interne, mais les collaborateurs de l’entreprise ont des biais importants. Le seul moyen d’avoir des retours quantitatifs et qualitatifs sur un projet ou un produit est de passer par le crowdtesting. Ces tests ne sont pas toujours un réflexe pour les entreprises, ils présentent pourtant de nombreux avantages.\r\nLa société Applause, leader mondial du crowdtesting, va animer un webinar le 22 novembre prochain intitulé « le crowdtesting a-t-il du sens pour mon assurance qualité ?«  Cet événement est l’occasion de se pencher sur ce sujet qui permet d’améliorer les performances de son site ou de son produit.\r\n\r\nQu’est-ce que le crowdtesting ?\r\nLa phase de test est une étape primordiale pour que les utilisateurs finaux puissent bénéficier de toutes les fonctionnalités d’un produit, d’un logiciel ou d’une application mobile. Le crowdtesting permet de faire appel à de véritables personnes qui utilisent leurs appareils pour tester des logiciels dans des contextes d’utilisations réels. Le crowdtesting répond à deux objectifs majeurs :\r\nTester le fonctionnement et l’ergonomie du produit avec des experts.\r\nCollecter des avis d’utilisateurs qui font partie du public ciblé.\r\nLa méthode est déjà employée par de nombreuses firmes à succès telles que Google, Uber, Slack, Mastercard, Paypal…\r\nLes avantages du crowdtesting\r\nLe crowdtesting possède 4 avantages clés pour les entreprises (et pour les utilisateurs des produits) :\r\nLa diversité des testeurs :\r\nLes sociétés qui font appel au crowdtesting pour tester leurs solutions mettent leurs produits entre les mains d’une communauté de testeurs issus du monde entier, qui ont accès à une multitude d’appareils différents. Cette stratégie permet d’obtenir des points de vues variés, de tester les solutions dans diverses langues, sur divers devices et de constituer des équipes de test représentatives des marchés ciblés. Dans le cas d’Applause, la communauté de testeurs représente 2,4 milliards d’appareils pour 200 pays et territoires.\r\nLa flexibilité : \r\nVous pouvez facilement ajuster le nombre de testeurs pour votre produit en fonction de vos besoins. Un avantage financier puisqu’en cas d’augmentation du nombre de testeurs, vous n’aurez pas à embaucher de nouvelles recrues ni à assumer leur formation.\r\nLa rapidité de mise en œuvre des tests : \r\nLe fait de mettre à contribution une communauté de testeurs issus des 4 coins du monde permet d’avoir des retours quasi continus et en dehors des heures de bureau traditionnelles. En effet, les fuseaux horaires de chacun font que lorsque votre journée se termine, celle d’une autre personne commence. Celle-ci peut ainsi tester votre produit et faire part des défauts identifiés pour votre retour au bureau le lendemain. Vous gagnez donc un temps précieux lors de la phase de test.\r\nL’amélioration générale du produit :\r\nEnfin, grâce au crowdtesting vous augmentez de façon considérable la portée des tests que vous effectuez en interne. La démarche vous permet ainsi d’identifier davantage d’anomalies et de contribuer à l’amélioration générale de votre produit.\r\n                    ','image-Managed-Crowd-Testing.jpg','image-smartphone-man-400x400.jpg',3,4),(13,'2018-11-06',NULL,'Comment le digital a-t-il fait évoluer la manière de se former ?','La digitalisation impacte tous types d’entreprises et organisations. De la manière de vendre à celle d’échanger, des processus internes aux outils utilisés au quotidien, pas un service peut s’en affranchir. La formation professionnelle n’échappe pas à la règle. Ces dernières années, les méthodes d’apprentissage ont dû évoluer très rapidement pour intégrer les possibilités induites par le web. Les demandes des entreprises, comme celles des stagiaires, se sont progressivement transformées, en même temps que leurs usages professionnels et personnels.\r\nPour comprendre comment les centres de formation se sont adaptés, nous avons interrogé Sophie Duval, Directrice des études de CESI École de Formation des Managers, à propos des outils et méthodes pédagogiques utilisés. En effet, cette école est en première ligne sur ce sujet, puisqu’elle forme des cadres opérationnels, qui seront eux-mêmes chargés de transformer leur entreprise et d’accompagner sa digitalisation. Parmi les formations proposées par CESI École de Formation des Managers, citons le management des équipes et des projets, les ressources humaines, l’informatique, le numérique et les systèmes d’information, la QSE (Qualité, sécurité, environnement), la RSE, l’organisation et la performance industrielle ou encore le BTP. Depuis plusieurs années, l’école associe dispositifs en distanciel et en présentiel à son parcours de formation.\r\n\r\nL’individualisation des parcours, une forte tendance actuelle\r\nPour mieux comprendre les évolutions récentes des modèles de formation, il faut remonter à la loi du 5 mars 2014, qui définissait les contours du CPF et introduisait la notion de blocs de compétences. Pour répondre à cette réforme, les centres de formation ont dû structurer leurs diplômes ; un changement qui a permis, selon Sophie Duval, de répondre complètement aux besoins des entreprises et aux besoins d’individualisation. « Depuis 2016, nous voyons émerger une consommation croissante de ce type de formations, permettant de développer des parcours individualisés de personnes qui souhaitent se certifier mais qui ont déjà une partie des compétences visées. Elles ne souhaitent pas suivre une formation complète. Cette modularisation par blocs de compétences leur permet donc de se créer un parcours à la carte en fonction de leurs besoins, aussi bien en termes de priorités que d’organisation dans le temps. »\r\n\r\nCe changement de paradigme s’accompagne d’une appétence de plus en plus prononcée pour le web et pour de nouveaux outils plus interactifs. Les modes de consommation changent, et la formation n’échappe pas à la règle. Cela touche toutes les catégories d’âge parmi les stagiaires selon Sophie Duval, qui ajoute qu’il y a « une attente d’individualisation, de modernité mais aussi d’expérience utilisateur. Nos formations doivent rester attractives et dynamiques pour l’apprenant afin de lui permettre de rester mobilisé tout au long de son parcours. La diversité des modalités et l’introduction d’outils innovants sont des moyens efficaces d’y parvenir. »\r\n\r\nDe nouvelles modalités dans les dispositifs de formation\r\nCet attrait pour le numérique a un impact direct sur les modalités pédagogiques proposées, qui se sont modernisées non seulement à la demande des stagiaires mais aussi de celle des entreprises. CESI École de Formation des Managers a ainsi décidé de reconcevoir son offre pour la digitaliser complètement. Cela se concrétise par 6 modalités types incluses dans l’offre Blended by CESI :\r\nDu e-learning : il s’agit de nombreux types de contenus (cours en ligne, vidéos, exercices…) que les stagiaires peuvent suivre à distance de manière plus autonome et à leur rythme.\r\nDes classes virtuelles: elles rassemblent de petits groupes d’apprenants pour des classes de 2 heures maximum. Selon Sophie Duval, « de nombreux éléments pédagogiques peuvent être transmis en synchrone sans pour autant faire déplacer les gens. On a l’avantage de la proximité et du partage dans les groupes mais en libérant les apprenants des contraintes de coût et de temps liés aux déplacements. »\r\nDes webinars: ces rencontres en ligne avec des experts se font sur les sujets phares des blocs de compétences. Ils permettent de partager des interventions pointues et de qualité aux apprenants, qu’il est possible de suivre en direct ou en replay.\r\nLe learning on the job: il s’agit de s’appuyer sur des cas réels de son entreprise, de lier des exercices à sa propre mission et à son contexte professionnel. Une manière d’appuyer un positionnement fort ; « Notre modèle pédagogique s’appuie sur l’expérimentation réelle sur le terrain. ».\r\nLes serious games : ils permettent d’apprendre un savoir-faire ou des comportements à travers des jeux en ligne. Leur côté ludique est très apprécié.\r\nLes travaux collaboratifs à distance: la collaboration est un moyen d’apprendre, mais c’est également un objectif en soi, comme le rappelle Sophie Duval. « On ne peut plus être professionnel si on n’est pas capable de travailler en collaboratif et à distance. Les organisations sont de plus en plus amenées à appliquer ces modes de fonctionnement. Il faut que les stagiaires qui viennent chez nous soient à l’aise avec ces technologies, c’est un de nos objectifs pédagogiques. ».\r\nCes différentes modalités sont intégrées en complément des moments de formation présentiels prévus par CESI École de Formation des Managers. L’intégralité des formations dispensées seront « Blended » dès la rentrée 2019.\r\n                    ','image-cesi-ecole-des-managers-3-1.jpg','image-cesi-ecole-des-managers-3.jpg',2,2),(14,'2018-11-07',NULL,'szhzdgidzgz','dzdbzihzdihzdihdozhdz','image-25619-181004105846525-0-854x566.jpg','image-dVHQiE0t_400x400.png',3,1);
/*!40000 ALTER TABLE `article` ENABLE KEYS */;
UNLOCK TABLES;

--
-- Table structure for table `category`
--

DROP TABLE IF EXISTS `category`;
/*!40101 SET @saved_cs_client     = @@character_set_client */;
 SET character_set_client = utf8mb4 ;
CREATE TABLE `category` (
  `id` int(11) NOT NULL AUTO_INCREMENT,
  `name` varchar(60) CHARACTER SET utf8mb4 COLLATE utf8mb4_unicode_ci NOT NULL,
  PRIMARY KEY (`id`)
) ENGINE=InnoDB AUTO_INCREMENT=5 DEFAULT CHARSET=utf8mb4 COLLATE=utf8mb4_unicode_ci;
/*!40101 SET character_set_client = @saved_cs_client */;

--
-- Dumping data for table `category`
--

LOCK TABLES `category` WRITE;
/*!40000 ALTER TABLE `category` DISABLE KEYS */;
INSERT INTO `category` VALUES (1,'Wild code school'),(2,'Formations'),(3,'Interventions'),(4,'Veilles');
/*!40000 ALTER TABLE `category` ENABLE KEYS */;
UNLOCK TABLES;

--
-- Table structure for table `comment`
--

DROP TABLE IF EXISTS `comment`;
/*!40101 SET @saved_cs_client     = @@character_set_client */;
 SET character_set_client = utf8mb4 ;
CREATE TABLE `comment` (
  `id` int(11) NOT NULL AUTO_INCREMENT,
  `date` date NOT NULL,
  `content` text CHARACTER SET utf8mb4 COLLATE utf8mb4_unicode_ci NOT NULL,
  `user_id` int(11) DEFAULT NULL,
  `article_id` int(11) DEFAULT NULL,
  PRIMARY KEY (`id`),
  KEY `user_id` (`user_id`),
  KEY `article_id` (`article_id`),
  CONSTRAINT `comment_ibfk_1` FOREIGN KEY (`user_id`) REFERENCES `user` (`id`) ON DELETE CASCADE ON UPDATE CASCADE,
  CONSTRAINT `comment_ibfk_2` FOREIGN KEY (`article_id`) REFERENCES `article` (`id`) ON DELETE CASCADE ON UPDATE CASCADE
) ENGINE=InnoDB AUTO_INCREMENT=38 DEFAULT CHARSET=utf8mb4 COLLATE=utf8mb4_unicode_ci;
/*!40101 SET character_set_client = @saved_cs_client */;

--
-- Dumping data for table `comment`
--

LOCK TABLES `comment` WRITE;
/*!40000 ALTER TABLE `comment` DISABLE KEYS */;
INSERT INTO `comment` VALUES (12,'2018-11-06','yep!!!\r\n',2,2),(14,'2018-11-07','C\'est la plus belle ville du monde de France !!!',13,2),(15,'2018-11-07','essaie\r\n',9,14),(16,'2018-11-07','J\'en connais une qui vas s\'acheter une nouvelle maison de campagne...',5,3),(17,'2018-11-07','Encore un troll ....',7,3),(18,'2018-11-07','C\'est pas bien de parler des gens que tu connais pas, jaloux !',3,3),(19,'2018-11-07','Biens sur que je la connais, c\'est mon plan C...',2,3),(20,'2018-11-07','Ça sens le hack de l\'interphone...',3,4),(21,'2018-11-07','C\'est encore la vie privé qui vas prendre un coup !\r\n',5,4),(22,'2018-11-07','T\'as pas de vie de toute façon !',7,4),(23,'2018-11-07','T\'as mére prend tout mon temps !',5,4),(24,'2018-11-07','C\'est TA en t\'as... Vas t\'appendre a écrire !',4,4),(25,'2018-11-07','TG !',10,4),(26,'2018-11-07','Oué c\'est du n\'importe quoi, moi je trouve pas de boulot !',8,6),(27,'2018-11-07','T\'es mauvais, c\'est tout !',11,6),(28,'2018-11-07','C\'est la femme de fantomas lol',12,13),(29,'2018-11-07','Parles pas de ma femme comme ça !',2,13),(30,'2018-11-07','Super article !',3,13),(31,'2018-11-07','David c\'est toi !',4,13),(32,'2018-11-07','Suce boule !',7,13),(33,'2018-11-07','France IO, souvenir souvenir !',8,11),(34,'2018-11-07','M\'en parles pas, j\'en fait des cauchemars...',9,11),(35,'2018-11-07','lol',5,11),(36,'2018-11-07','J\'en prend 1 kilo!',8,10),(37,'2018-11-07','pffff !',8,10);
/*!40000 ALTER TABLE `comment` ENABLE KEYS */;
UNLOCK TABLES;

--
-- Table structure for table `user`
--

DROP TABLE IF EXISTS `user`;
/*!40101 SET @saved_cs_client     = @@character_set_client */;
 SET character_set_client = utf8mb4 ;
CREATE TABLE `user` (
  `id` int(11) NOT NULL AUTO_INCREMENT,
  `firstname` varchar(70) CHARACTER SET utf8mb4 COLLATE utf8mb4_unicode_ci NOT NULL,
  `lastname` varchar(90) CHARACTER SET utf8mb4 COLLATE utf8mb4_unicode_ci NOT NULL,
  `email` varchar(50) CHARACTER SET utf8mb4 COLLATE utf8mb4_unicode_ci NOT NULL,
  `pass` varchar(255) CHARACTER SET utf8mb4 COLLATE utf8mb4_unicode_ci NOT NULL,
  `registered` date NOT NULL,
  `status` varchar(8) CHARACTER SET utf8mb4 COLLATE utf8mb4_unicode_ci NOT NULL,
  PRIMARY KEY (`id`)
) ENGINE=InnoDB AUTO_INCREMENT=118 DEFAULT CHARSET=utf8mb4 COLLATE=utf8mb4_unicode_ci;
/*!40101 SET character_set_client = @saved_cs_client */;

--
-- Dumping data for table `user`
--

LOCK TABLES `user` WRITE;
/*!40000 ALTER TABLE `user` DISABLE KEYS */;
INSERT INTO `user` VALUES (1,'Jef','Dc','jefdc05@gmail.com','$2y$10$6E9nKgs3mnndJMg6ZUbg4O0p4J.zuouoofqZAgrf/00hLs0mxs5mW','2018-11-07','admin'),(2,'Dusky','Claude','root@root.fr','89e495e7941cf9e40e6980d14a16bf023ccd4c91','2018-10-12','admin'),(3,'Christ','Jesus','super@root.com','$2y$10$1DpTYQ7OfsNekcsR5RMGVuyv8nGKojnRUaHtvUwSWlb1liw8Wi8h6','2018-10-19','admin'),(4,'Faycal','CHENA','goldama@gmail.com','$2y$10$FDLz/q71nTI18oS6ljN/Eex2aS6Gdsk15FNj3upVj3XbSnvKEb7bW','2018-10-23','user'),(5,'Claude','Bichoko','claude.bichoko@hotmail.com','$2y$10$k9cjJjH8Qkbd9DLD44GZDe88wUnffbrIyCgEEwRGNe29HMlUTPFr6','2018-11-07','user'),(6,'Jean','Kulki','jean.kulki@gmail.com','$2y$10$48wXQ0F6LUWfGJRHPluvT.ksIa7mjrGl6niwH.DcLZ0Rll0bkfJz2','2018-11-07','user'),(7,'jean','Sukun','jean.suskun@gmail.com','$2y$10$01ODNn3ArjsOzOPnODbWv.0bxe9XbgufFE4Vkr8pSvPhGPaAeMW4u','2018-11-07','user'),(8,'Jean Pierre','Fanta','jp.fanta@coca.fr','$2y$10$A0IrRSsxezeru8NPHVU04eXt7lNdbHDdTf0aU4JgCv88HHRXBZmMW','2018-11-07','user'),(9,'Justin','Bridou','justin.bridou@hotmail.fr','$2y$10$L6gzHNUWqG7WcjZyuzlcq.z4eL4NMekguxi5wXIwBsMekml6S562m','2018-11-07','user'),(10,'François','Rapia','jeprendvotreargent@impot.gouv','$2y$10$z38O5RPu1y3Vi/ptrmEB1epFmNxYyaWQmUolU3zTSGCc3GlI7q6Jq','2018-11-07','user'),(11,'Delphine','Talaron','talarondelphine@msn.com','$2y$10$BYt6qG.Vj0mOO.ola9yaQOrTh5/fKcjYejccZ./GBIy2dNjs5A/eq','2018-11-07','user'),(12,'Emma','Ptendeux','emmaptendeux@laposte.fr','$2y$10$5WEjpwDn6ZxzFlpkmyqVeOkY5YjHMe7cDmkhCn3Zj0kf4ke0UfZiG','2018-11-07','user'),(13,'Camille','Honette','camille.honette@pegeot.fr','$2y$10$SpALrJvIiWrD3CfbP7n/zuNY7pS3MZ2v/ZGIjq1v3FCbt7N7AqBdC','2018-11-07','user');
/*!40000 ALTER TABLE `user` ENABLE KEYS */;
UNLOCK TABLES;
/*!40103 SET TIME_ZONE=@OLD_TIME_ZONE */;

/*!40101 SET SQL_MODE=@OLD_SQL_MODE */;
/*!40014 SET FOREIGN_KEY_CHECKS=@OLD_FOREIGN_KEY_CHECKS */;
/*!40014 SET UNIQUE_CHECKS=@OLD_UNIQUE_CHECKS */;
/*!40101 SET CHARACTER_SET_CLIENT=@OLD_CHARACTER_SET_CLIENT */;
/*!40101 SET CHARACTER_SET_RESULTS=@OLD_CHARACTER_SET_RESULTS */;
/*!40101 SET COLLATION_CONNECTION=@OLD_COLLATION_CONNECTION */;
/*!40111 SET SQL_NOTES=@OLD_SQL_NOTES */;

-- Dump completed on 2018-11-07 14:39:11
